Fighter name,Ko wins,Ko losses,Submission wins,Submission losses,Decision wins,Decision losses
Tank Abbott,6,7,3,6,1,2
Shamil Abdurakhimov,9,3,4,1,7,1
Daichi Abe,4,1,0,1,2,2
Hiroyuki Abe (fighter),2,7,3,5,3,3
Papy Abedi,6,2,2,2,2,0
Daniel Acácio,13,4,4,4,13,11
Bernard Ackah,4,3,0,2,1,1
Akihiko Adachi,1,1,1,1,2,2
Israel Adesanya,14,0,0,0,4,0
Sam Adkins (fighter),0,6,5,9,2,5
AJ Agazarm,0,0,1,0,1,1
Bashir Ahmad (mixed martial artist),0,1,3,1,1,0
Katsuhisa Akasaki,0,3,4,6,2,9
Omari Akhmedov,7,2,5,2,7,0
Jin Akimoto,1,0,6,1,5,12
Yoshihiro Akiyama,5,2,7,1,2,4
Mostapha al-Turk,4,3,2,1,0,2
Tony Alanis,3,0,2,3,0,0
John Albert (fighter),4,0,3,5,0,0
Júnior Albini,6,2,6,3,2,1
Ildemar Alcântara,11,5,9,0,6,8
Iuri Alcântara,14,2,14,2,7,6
José Aldo,17,3,1,1,10,1
John Alessio,10,2,17,7,8,7
Houston Alexander,12,10,2,2,3,4
Olaf Alfonso,5,8,2,1,1,3
Royce Alger,2,1,1,1,0,0
Amir Aliakbari,7,1,0,0,3,0
Sultan Aliev,10,2,0,0,5,1
Ben Alloway,8,2,6,4,5,2
Ricardo Almeida,0,1,5,1,8,2
Thomas Almeida,17,2,3,0,1,1
Eddie Alvarez,16,4,8,2,6,1
Sean Alvarez,0,3,2,0,1,0
Thiago Alves (fighter),12,3,2,4,9,6
Warlley Alves,3,1,6,0,4,3
Sam Alvey,19,3,3,1,11,9
André Amado,4,2,0,1,2,1
Adlan Amagov,8,1,1,1,5,0
Raul Amaya,5,1,6,1,0,1
Jimmy Ambriz,8,11,8,10,1,0
J. J. Ambrose,6,1,16,3,5,4
Makwan Amirkhani,1,0,10,1,4,2
Karl Amoussou,7,2,13,0,4,6
Bertrand Amoussou-Guenou,1,0,0,1,0,0
Eryk Anders,8,1,1,0,3,3
Corey Anderson (fighter),4,3,0,0,8,1
Derek Anderson (fighter),5,0,6,1,5,2
Alex Andrade (fighter),4,0,3,1,3,2
Viscardi Andrade,5,2,6,1,7,5
Dylan Andrews,13,4,3,4,2,1
Giorgio Andrews,4,0,4,0,1,0
Reese Andy,1,2,2,0,4,1
Yoji Anjo,0,1,0,3,0,1
Magomed Ankalaev,6,0,0,1,6,0
Gadzhimurad Antigulov,4,4,15,2,1,0
Kelly Anundson,2,0,5,3,2,0
Shinya Aoki,3,7,28,0,10,2
Erik Apple,3,1,6,2,1,0
Felipe Arantes,7,1,6,2,5,7
Igor Araújo,1,4,17,2,7,4
Andrei Arlovski,17,10,3,1,8,7
Ricardo Arona,2,3,3,0,9,2
Matt Arroyo,0,2,3,0,0,1
Josh Appelt,11,3,2,1,2,3
Noboru Asahi,0,1,14,3,5,2
Cyril Asker,4,3,3,1,2,0
Júnior Assunção,4,1,7,2,5,4
Raphael Assunção,4,1,10,2,13,4
Leandro Ataides,6,2,2,0,3,1
Bazigit Atajev,13,3,6,1,1,0
Rich Attonito,4,2,2,1,4,2
Olivier Aubin-Mercier,1,0,8,0,2,5
"Fernando ""Tererê"" Augusto",0,0,0,0,0,1
Marcus Aurélio,4,0,15,0,3,10
Stuart Austin,6,4,4,0,2,1
Blas Avena,2,7,6,0,0,0
David Avellan,1,1,1,0,0,0
Saad Awad,10,3,7,3,5,6
Javy Ayala,7,4,3,1,1,2
Luiz Azeredo,8,3,1,1,6,6
Niklas Bäckström (fighter),4,1,4,0,3,2
Seth Baczynski,9,5,11,5,2,5
Ryan Bader,12,3,3,2,12,0
Ali Bagautinov,5,1,5,0,9,5
Siyar Bahadurzada,13,0,7,2,4,6
Shamar Bailey,5,6,3,1,7,4
Bryan Baker (fighter),8,3,3,1,7,1
Oluwale Bamgbose,6,3,0,0,0,1
Antonio Banuelos,7,5,1,2,12,4
Renan Barão,8,3,15,0,11,5
Bryan Barberena,10,2,2,1,2,4
Edson Barboza,12,3,1,2,7,3
Luke Barnatt,9,2,4,0,2,5
Josh Barnett,10,4,19,1,5,3
David Baron (fighter),4,0,11,2,2,2
Phil Baroni,11,7,2,2,3,9
Carlos Barreto (fighter),4,2,9,0,1,7
Jason Barrett,3,3,0,3,0,0
Francimar Barroso,11,3,5,1,8,3
Pat Barry (kickboxer),7,4,0,3,1,0
Enrique Barzola,4,0,4,0,8,4
Duane Bastress,5,1,1,1,1,0
Chris Beal,3,2,0,1,7,3
Rudy Bears,5,5,8,8,3,2
Johnny Bedford,10,2,9,11,4,1
Chase Beebe,1,3,17,3,6,7
Lyle Beerbohm,9,0,13,1,3,2
Unamed,6,2,3,0,4,0
Alan Belcher,9,2,7,1,2,5
Vitor Belfort,18,7,3,2,5,5
Kevin Belingon,8,0,3,3,9,2
Joey Beltran,12,5,2,1,3,9
Marco Beltrán,4,2,4,3,2,1
Joseph Benavidez,8,1,9,0,11,4
Brandon Bender,0,1,11,0,1,0
Dave Beneteau,2,1,3,4,1,0
Eddy Bengtsson,2,3,4,1,0,0
Gabriel Benítez,7,2,10,2,4,3
Charles Bennett (fighter),18,4,9,26,3,11
Lance Benoist,1,0,4,0,2,2
Ryan Benoit,8,0,1,2,1,3
Steve Berger,2,7,14,0,4,14
Bret Bergmark,2,0,1,1,3,0
Dennis Bermudez,4,2,3,4,10,3
Keith Berry (fighter),9,8,4,2,1,4
Matt Bessette,7,1,8,1,8,6
Alexandre Bezerra,7,0,12,1,3,5
Rony Mariano Bezerra,5,2,8,1,1,5
Arjan Bhullar,3,0,0,1,6,0
Magomed Bibulatov,2,1,5,0,7,1
David Bielkheden,10,0,6,3,10,9
Bam Bam Bigelow,0,0,0,1,0,0
Jonas Billstein,10,3,5,3,5,1
Michael Bisping,17,3,3,2,10,4
Tariel Bitsadze,2,0,0,5,0,0
Todd Bjornethun,2,0,3,5,2,0
Unamed,6,2,9,1,9,5
Jason Black,4,1,11,2,4,1
Brad Blackburn,9,4,4,1,5,8
Maximo Blanco,8,0,0,4,4,2
Curtis Blaydes,9,2,0,0,3,0
Dan Bobish,8,4,9,5,0,0
Mark Bocek,1,1,7,1,4,3
Kyle Bochniak,2,0,2,0,4,4
Tim Boetsch,11,4,5,5,5,4
Jerry Bohlander,0,3,10,0,1,1
Kotetsu Boku,13,2,1,6,12,6
Tony Bonello,1,2,14,1,1,0
Stephan Bonnar,3,3,7,0,5,6
Ray Borg,1,0,6,1,5,3
Marcus Bossett,1,0,0,3,0,0
Brian Bowles (fighter),3,2,6,1,1,0
Roger Bowling (fighter),8,4,2,1,2,1
Kyle Bradley,11,6,7,5,3,1
Paul Bradley (fighter),8,3,7,0,8,7
Ebenezer Fontes Braga,2,3,6,2,2,2
David Branch (fighter),6,3,7,2,9,1
Diego Brandão,14,8,6,2,4,4
Tom Breese,4,0,6,0,1,1
Chris Brennan,1,4,19,6,1,4
Charlie Brenneman,5,4,5,3,9,1
Jason Brilz,6,2,10,2,7,2
Marcus Brimage,3,3,0,1,4,3
Henry Briones,8,1,6,2,2,5
Antwain Britt,9,2,0,2,2,2
Jorge Britto,3,2,6,0,3,7
Mike Bronzoulis,11,2,3,3,3,5
Jonathan Brookins,3,1,9,2,4,7
Jarred Brooks,2,1,5,0,7,1
Will Brooks,5,2,4,2,11,0
Rob Broughton,7,1,6,2,3,4
Damien Brown (fighter),3,2,9,4,7,6
Matt Brown (fighter),13,2,6,10,2,4
Mike Brown (fighter),5,3,13,4,8,2
Travis Browne,14,4,2,1,2,2
Junie Browning,2,2,3,4,0,0
Justin Bruckmann,2,0,3,3,2,0
Steve Bruno,6,2,7,0,2,4
Derek Brunson,11,5,3,0,6,2
Justin Buchholz,8,4,6,3,1,4
Zak Bucia,4,1,9,1,2,6
Courtney Buck,9,3,3,4,0,4
Mike Budnik,3,0,7,2,4,2
Paul Buentello,22,4,9,8,4,5
Shawn Bunch,3,1,0,2,6,1
Shane Burgos,4,1,5,0,3,0
Josh Burkman,7,2,10,9,11,7
Mikey Burnett,1,1,2,0,2,1
Gilbert Burns (fighter),5,1,8,0,4,2
Kevin Burns (fighter),3,4,8,0,1,3
Nah-Shon Burrell,10,2,0,1,5,8
Murilo Bustamante,6,2,5,0,4,6
Jason Butcher,6,2,5,1,0,1
Jake Butler,4,3,1,0,2,0
Raphael Butler,6,1,3,1,0,0
Alex Caceres,3,1,5,7,7,4
Darrion Caldwell,2,0,5,2,7,1
Frank Camacho,17,4,2,1,3,2
Fabrício Camões,4,2,7,5,3,2
Brian Camozzi,3,2,4,1,0,2
Chris Camozzi,7,1,7,6,10,7
Derek Campos,6,4,5,2,9,3
Will Campuzano,6,1,4,2,4,3
Chico Camus,4,1,3,1,11,6
Luiz Cané,14,4,1,0,2,1
Guido Cannetti,3,0,3,4,2,0
Jared Cannonier,8,2,3,0,2,2
Jose Canseco,0,0,0,1,0,0
Steve Cantwell,3,1,4,0,0,5
Frank Caraballo,6,2,5,4,3,3
Bryan Caraway,2,2,16,2,3,5
Phil Cardella,0,2,7,1,1,2
Chris Cariaso,3,1,2,3,12,4
Steve Carl,2,2,17,2,3,2
Antônio Carlos Júnior,0,1,8,0,2,3
Simon Carlsen,4,2,3,2,1,1
Francis Carmont,6,3,11,3,8,6
Roan Carneiro,2,3,10,4,9,6
Tim Carpenter (fighter),1,1,4,0,4,1
Antonio Carvalho,7,3,3,0,5,3
Shane Carwin,7,0,5,1,0,1
Johnny Case,18,3,4,2,4,1
Kevin Casey (fighter),3,6,3,0,3,0
Bendy Casimir,4,3,13,5,4,7
Danny Castillo,6,3,4,2,7,5
Gil Castillo,2,3,5,0,4,2
Raul Castillo,4,0,2,0,1,1
Tim Catalfo,0,0,3,2,0,0
Nick Catone,3,1,3,2,4,1
Luke Caudillo,11,3,2,10,4,4
Rafael Cavalcante,11,4,2,0,0,2
Magnus Cedenblad,7,2,5,3,2,0
Yosdenis Cedeno,7,0,0,2,3,4
Henry Cejudo,7,1,0,0,8,1
Donald Cerrone,10,6,17,1,9,6
Jason Chambers,5,0,10,4,3,1
Michael Chandler,7,3,7,0,5,2
Dan Charles,7,7,2,0,2,0
Ernest Chavez (fighter),5,1,0,1,5,0
Rick Cheek,4,0,0,4,0,0
Michael Chiesa,0,1,11,3,5,0
Sako Chivitchian,1,0,5,0,2,1
Choi Doo-ho,11,1,1,0,2,2
Choi Hong-man,4,3,0,2,0,0
Choi Mu-bae,7,4,4,1,2,3
John Cholish,3,0,4,2,1,1
Ryo Chonan,7,4,2,1,13,8
Joachim Christensen,5,2,5,2,4,3
Dan Christison,7,1,13,0,0,6
Misha Cirkunov,4,3,9,2,2,0
Devin Clark (fighter),3,2,1,1,6,0
LaVerne Clark,9,1,12,18,6,1
Logan Clark,4,2,10,2,3,2
Mitch Clarke (fighter),1,2,7,1,3,2
Rich Clementi,9,4,27,9,9,10
Chris Clements (fighter),11,2,0,3,1,1
Dakota Cochrane,7,2,15,8,10,2
Devin Cole,10,3,3,3,7,4
Cortez Coleman,4,0,4,3,5,6
Mark Coleman,4,3,8,5,4,2
Jake Collier,5,2,3,1,3,1
Carlos Condit,15,1,13,6,2,6
Alex Cook (fighter),1,0,5,4,0,1
T. J. Cook,10,1,2,4,1,0
Bill Cooper (fighter),0,0,2,0,0,1
Brett Cooper (fighter),17,5,2,2,7,6
Ray Cooper III,12,2,6,4,0,1
Chris Cope,4,3,1,1,3,0
Akira Corassani,1,6,3,0,7,0
Mike Corey,1,1,7,0,5,2
Daniel Cormier,10,1,5,0,7,1
Paulo Costa (fighter),11,0,1,0,1,0
Patrick Côté (fighter),10,2,3,3,9,6
Randy Couture,7,6,4,4,8,1
Ryan Couture,1,3,6,1,5,2
Colby Covington,2,0,5,1,8,0
Nathan Coy,3,2,4,3,8,2
Andrew Craig,3,1,1,1,5,2
Paul Craig (fighter),1,3,11,1,0,0
Dan Cramer,2,2,0,0,9,2
Alberto Crane,0,3,14,0,1,2
Tim Credeur,4,2,8,1,0,1
Paul Creighton,0,1,2,0,1,0
Daron Cruickshank,13,2,2,7,6,3
Richard Crunkilton,8,2,7,0,4,2
Dominick Cruz,8,0,1,1,13,1
Márcio Cruz,2,2,4,0,1,1
Abel Cullum,5,0,13,2,2,4
Zak Cummings,5,0,12,2,6,5
Patrick Cummins (fighter),4,5,2,1,4,1
Luke Cummo,4,0,1,0,1,6
Jeff Curran,1,3,21,3,14,12
Pat Curran (fighter),5,1,7,1,11,7
Unamed,12,0,2,2,1,1
Genair da Silva,7,2,4,1,3,2
Henrique da Silva (fighter),13,3,1,1,1,3
Paul Daley,30,2,2,6,9,9
Rodrigo Damm,2,4,6,1,4,4
Alexandre Dantas,0,3,0,0,0,0
Eduardo Dantas,4,3,6,0,11,3
Mac Danzig,5,2,11,2,6,8
Karen Darabedyan,3,2,5,2,6,2
Beneil Dariush,3,3,7,1,6,0
Viacheslav Datsik,3,2,3,1,0,4
Chris Davis (fighter),5,4,5,2,0,0
LC Davis,8,0,7,2,8,6
Phil Davis (fighter),5,0,5,0,10,5
Raphael Davis,5,1,7,0,1,2
Jason Day (fighter),8,7,9,5,2,0
Phil De Fries,2,5,13,0,4,1
Omar de la Cruz,2,2,2,0,2,1
Chris de la Rocha,3,3,2,0,0,0
Mike De La Torre,6,2,6,4,2,1
Johil de Oliveira,4,2,7,5,6,8
Shane del Rosario,8,2,3,0,0,0
Herb Dean,1,1,1,2,0,0
Tom DeBlass,4,0,3,0,2,2
Rolando Delgado,2,3,6,0,3,3
Roland Delorme,2,2,7,1,1,3
Roland Delorme,2,2,7,1,1,3
Jon Delos Reyes,3,1,5,3,0,1
Chris Dempsey,2,5,3,1,6,0
Nick Denis,10,1,1,2,0,0
Thomas Denny (fighter),7,5,16,10,4,6
Jason Dent,3,2,19,2,0,9
Tony DeSouza,1,4,7,0,3,0
Cory Devela,3,2,8,4,5,1
Edwin Dewees,4,8,30,6,4,4
Ousmane Thomas Diagne,4,5,0,2,2,1
Hacran Dias,3,0,10,0,12,6
Rafael Dias (mixed martial artist),2,5,11,1,4,5
Nate Diaz,4,1,12,1,4,9
Alessio Di Chirico,5,0,4,1,3,3
Josh Diekmann,11,1,4,6,0,1
Seth Dikun,1,1,5,4,3,3
T.J. Dillashaw,8,2,3,0,5,2
Rosen Dimitrov,5,2,13,0,3,1
Rumen Dimitrov,6,0,5,0,2,0
Russell Doane,7,0,5,5,3,3
Drew Dober,8,1,6,3,7,5
John Dodson (fighter),9,0,2,0,9,11
Joe Doerksen,8,5,35,6,8,5
C. B. Dollaway,6,5,3,2,7,2
Cody Donovan,4,5,3,0,1,0
Rafael dos Anjos,5,2,10,1,14,9
Junior dos Santos,15,4,1,1,5,1
David Douglas (fighter),9,7,1,2,0,0
Danny Downes,5,0,1,1,2,2
Jared Downing,1,1,1,1,7,4
Tomasz Drwal,12,2,6,2,3,1
Robert Drysdale,0,0,7,0,0,0
Joe Duarte,10,3,5,0,2,1
Todd Duffee,9,3,0,0,0,0
Kelly Dullanty,2,1,0,1,2,0
Evan Dunham,3,4,6,1,9,3
Tom Duquesnoy,8,0,4,1,4,1
Reuben Duran,4,2,5,1,4,4
Matt Dwyer,9,2,0,0,2,2
Mike Easton,4,1,2,0,7,5
Brian Ebersole,14,1,20,9,17,8
Mark Eddiva,3,1,2,1,1,1
Frankie Edgar,7,1,4,0,12,6
Carlos Eduardo (fighter),6,1,8,0,3,3
Johnny Eduardo,9,1,13,9,7,2
Justin Edwards (fighter),1,2,8,1,1,3
Leon Edwards,6,0,3,0,9,2
Justin Eilers,12,4,6,0,1,3
John-Olav Einemo,1,1,5,0,0,2
Per Eklund (fighter),3,3,7,0,4,2
Darren Elkins,8,3,4,1,12,4
Jake Ellenberger,19,7,6,2,6,6
Tim Elliott,3,1,6,3,6,4
Jason Ellis (radio host),0,0,2,0,0,0
Alexander Emelianenko,20,4,5,3,3,0
Fedor Emelianenko,14,5,15,1,9,0
Rob Emerson,5,0,6,2,8,12
Josh Emmett,6,1,2,0,7,1
Yasubey Enomoto,3,4,5,1,10,6
Cole Escovedo,6,4,10,1,1,4
Efrain Escudero,2,0,15,2,13,14
Braulio Estima,0,0,1,0,0,0
Terry Etim,2,1,12,1,2,3
Billy Evangelista,5,0,0,1,8,2
Doug Evans (fighter),2,3,8,5,3,3
Rashad Evans,7,3,2,0,10,5
Dan Evensen,7,3,1,1,2,0
Edward Faaloloto,0,2,1,2,1,1
Urijah Faber,10,3,17,0,7,7
Wagnney Fabiano,2,0,9,2,5,2
Maiquel Falcão,24,9,7,3,7,1
Gustavo Falciroli,3,1,10,0,4,5
Brodie Farber,4,4,10,2,2,1
Paul Felder,10,1,1,0,6,3
Tony Ferguson,12,0,8,1,5,2
Bibiano Fernandes,2,1,8,0,12,3
Alexandre Ferreira (fighter),0,2,17,2,1,1
Carlos Diego Ferreira,3,1,6,0,7,1
Cezar Ferreira,3,4,4,0,6,4
Scott Ferrozzo,2,1,1,1,1,0
Drew Fickett,3,12,31,4,8,5
Deiveson Figueiredo,9,0,5,0,3,1
Edwin Figueroa,6,1,2,0,1,4
Paulo Filho,3,0,10,0,10,6
Andre Fili,9,2,3,2,8,2
Mirko Cro Cop,30,6,4,2,4,3
Perry Filkins,6,0,1,0,1,1
Luigi Fioravanti,11,7,6,2,9,6
Luiz Firmino,2,1,7,2,11,7
Jason Fischer (fighter),3,0,4,0,6,4
Spencer Fisher,10,2,9,1,5,6
Jon Fitch,6,2,6,3,20,2
Kenny Florian,3,1,9,1,2,4
Caros Fodor,2,0,5,2,4,4
Eduard Folayang,6,4,2,2,13,2
Jesse Forbes,6,2,8,1,1,2
Jussier Formiga,0,3,10,0,13,3
Renée Forte,2,2,2,1,4,1
Kenny Foster,1,1,5,5,5,4
Hermes França,8,9,15,0,3,10
John Franchi,2,0,2,1,2,1
Rich Franklin,15,5,10,0,4,2
Ian Freeman,9,4,7,3,4,0
Patrício Freire,10,1,11,0,9,3
Patricky Freire,13,2,1,1,7,5
Willamy Freire,8,1,10,2,7,3
Clay French,2,2,11,5,6,0
Tony Fryklund,6,5,8,3,0,1
Yutaka Fuji,0,0,0,3,0,0
Katsuhisa Fujii,3,7,3,6,3,5
Mitsuo Fujikura,0,0,1,1,0,0
Kazuyuki Fujita,7,8,9,2,2,4
Yuji Fujita,0,0,0,3,1,3
Keisuke Fujiwara,7,1,4,1,5,7
Masato Fujiwara,1,2,2,2,2,8
Riki Fukuda,11,3,1,0,12,6
Satoshi Fukuoka,0,0,0,2,0,0
Travis Fulton,104,13,143,26,8,14
Masakatsu Funaki,5,3,34,8,1,2
Ricardo Funch,5,1,1,4,3,1
Ricardo Fyeet,4,0,0,6,0,0
Mitch Gagnon,1,0,10,2,1,3
Vener Galiev,13,4,4,3,12,3
Mickey Gall,0,1,5,0,1,1
André Galvão,1,1,3,0,1,1
Marcos Galvão,4,4,1,0,13,7
Marcos Galvão,4,4,1,0,13,7
Manvel Gamburyan,2,4,7,1,6,5
Alex Garcia (fighter),6,2,6,0,3,3
Edgar García,7,2,5,2,2,1
Leonard Garcia,5,0,10,4,3,9
Steve Garcia,7,0,0,1,3,2
Cody Garbrandt,9,3,0,0,2,0
Pablo Garza (fighter),2,0,7,3,3,1
Brian Gassaway,5,0,12,12,10,7
Kelvin Gastelum,6,0,4,1,5,3
Louis Gaudinot,3,1,2,0,3,3
Chad George,5,0,10,6,2,2
Kamen Georgiev,8,3,11,3,6,3
Tiki Ghosn,2,3,2,4,6,0
Cody Gibson,6,0,3,4,7,3
Lance Gibson,1,3,1,1,2,1
Kultar Gill,5,0,7,7,1,1
Bob Gilstrap,0,1,5,1,0,4
Brandon Girtz,3,3,8,2,5,3
Rodney Glunder,12,2,3,12,9,6
Mark Godbeer,9,3,2,2,1,0
Allan Góes,2,4,7,0,1,1
Bakouri Gogitidze,0,0,1,2,0,0
Bryan Goldsby,10,2,1,7,6,7
Sergey Golyaev,6,0,12,9,5,2
Anthony Gomez,3,0,4,0,3,2
Frank Gomez,5,2,3,3,2,1
Mikey Gomez,2,2,13,4,2,6
Ulysses Gomez,0,1,7,1,2,3
Takanori Gomi,14,4,6,8,16,3
Akihiro Gono,7,8,9,4,19,11
Gabriel Gonzaga,8,10,8,0,1,2
Fernando Gonzalez (fighter),9,2,8,5,10,10
Ismael Gonzalez (fighter),3,2,1,7,2,2
Lyman Good,10,0,3,1,7,4
Herbert Goodman,7,3,8,2,3,6
Gary Goodridge,14,11,8,8,1,4
Gerard Gordeau,2,0,0,2,0,4
Eddie Gordon (fighter),3,1,1,1,4,5
Jared Gordon,6,3,2,0,7,0
Jonathan Goulet,12,9,8,3,3,0
Wilson Gouveia,7,6,7,0,1,2
Damian Grabowski,8,2,11,1,3,2
Daniel Gracie,0,2,4,0,1,2
Neiman Gracie,0,0,8,0,1,1
Ralek Gracie,0,0,2,0,1,1
Renzo Gracie,1,2,9,1,3,4
Rickson Gracie,0,0,11,0,0,0
Rodrigo Gracie,0,0,2,0,4,2
Roger Gracie,1,1,6,0,1,1
Rolles Gracie Jr.,0,4,8,0,0,0
Royce Gracie,1,2,12,0,2,0
Royler Gracie,0,2,4,1,1,2
Ryan Gracie,2,1,2,0,1,1
Peter Graham (fighter),11,0,0,8,1,2
TJ Grant,4,0,13,1,4,4
Sergej Grecicho,2,0,20,3,3,8
Bobby Green (fighter),8,2,9,2,7,5
Desmond Green,6,0,1,2,16,6
Matt Grice,6,2,4,2,5,1
Forrest Griffin,3,5,7,0,9,2
Tyson Griffin,6,3,3,0,8,5
Chad Griggs,9,0,2,3,0,0
Josh Grispi,6,1,7,2,1,2
Kendall Grove,7,8,10,4,6,6
Neil Grove,12,1,0,3,0,4
Vik Grujic,2,2,2,1,2,3
Fabrício Guerreiro,5,1,14,1,3,3
Shannon Gugerty,4,1,11,3,0,3
Clay Guida,7,2,13,10,14,6
Jason Guida,6,6,10,8,3,14
Melvin Guillard,21,6,2,9,9,6
Marcelo Guimarães,1,2,2,0,6,0
John Gunderson,4,2,28,6,3,8
Fábio Gurgel,0,0,3,0,0,2
Jorge Gurgel,0,2,10,2,4,6
Alexander Gustafsson,11,2,3,2,4,2
Mike Guymon,5,1,8,4,2,1
Keith Hackney,1,0,1,2,0,0
Unamed,7,1,3,0,3,4
Tim Hague,15,8,4,0,2,5
Rich Hale,10,3,8,0,3,4
Mark Hall (fighter),2,3,3,3,0,0
Ryan Hall (grappler),2,0,3,0,3,1
Uriah Hall,11,4,1,0,3,5
Dennis Hallman,4,11,41,0,7,9
Piotr Hallmann,7,3,7,0,4,2
Brandon Halsey,3,4,4,1,5,0
Kazuhiro Hamanaka,1,5,2,2,1,0
Matt Hamill,8,4,0,1,4,3
Anthony Hamilton (fighter),8,4,2,3,6,2
Anthony Hamlett,5,4,1,9,2,1
Jared Hamman,11,4,2,1,1,1
Volk Han,1,2,10,3,3,2
Antoni Hardonk,6,2,2,1,0,3
Dan Hardy,12,1,4,4,9,4
Gerald Harris (fighter),11,1,6,2,8,5
Phil Harris (fighter),4,5,13,5,5,2
Walt Harris (fighter),13,2,0,1,0,3
Andre Harrison,3,0,2,0,16,1
Dale Hartt,4,1,2,2,0,0
Clay Harvison,6,2,4,4,3,1
Lee Hasdell,9,4,5,7,1,5
Carlton Haselrig,3,2,0,0,0,0
Chris Haseman,2,7,14,4,3,6
Daiki Hata,9,0,1,0,7,10
John Hathaway,5,1,4,0,8,1
Rick Hawn,11,1,0,1,10,2
Tomoaki Hayama,0,0,2,1,0,2
Mike Hayes (fighter),7,1,7,0,6,11
Josh Haynes,6,5,9,1,2,5
Dustin Hazelett,1,4,9,2,2,1
James Head (fighter),4,1,3,2,2,1
Pat Healy (fighter),7,7,15,6,12,11
Ryan Healy,13,4,6,1,6,9
David Heath (fighter),7,1,8,3,3,3
Jake Hecht,3,0,5,1,3,3
Nick Hein,1,2,4,1,9,2
Marcin Held,4,1,14,1,8,5
Benson Henderson,3,1,11,2,14,5
Dan Henderson,16,3,2,4,14,8
Johny Hendricks,8,3,1,0,9,5
Luis Henrique (fighter),3,3,6,0,3,3
Dave Herman (fighter),15,4,5,1,2,0
Ed Herman (fighter),7,3,13,6,4,5
Jack Hermansson,11,2,5,2,4,1
Geane Herrera,2,0,6,0,2,3
Heath Herring,7,4,16,2,4,10
Jared Hess (fighter),3,3,8,0,0,1
Jon Hess (fighter),1,1,0,0,0,0
Clint Hester,7,2,1,3,3,1
Jimy Hettes,0,2,10,0,1,1
Conor Heun,1,1,3,0,5,4
Marcus Hicks,2,2,8,0,0,2
Jay Hieron,6,4,7,0,10,3
Jason High,5,4,8,3,8,1
Corey Hill,2,3,3,3,1,3
Branden Lee Hinkle,10,2,5,8,2,1
Hatsu Hioki,4,3,13,1,12,7
Mizuto Hirota,10,1,0,1,8,9
Matt Hobar,1,2,4,0,4,1
Bobby Hoffman,15,1,14,5,7,4
Sam Hoger,3,0,6,1,1,3
Andrew Holbrook,1,3,9,0,2,0
Mark Holata,3,4,5,1,4,0
Chris Holdsworth,0,0,5,0,1,0
Roger Hollett,4,1,7,1,2,3
Max Holloway,10,0,2,1,9,3
Paddy Holohan,1,0,8,1,3,1
Mark Hominick,9,3,7,5,4,4
Chris Honeycutt,5,1,1,0,5,2
Satoshi Honma,1,2,3,2,0,2
Darrell Horcher,6,1,1,1,6,2
Kyoji Horiguchi,14,1,3,1,11,1
Jeremy Horn,16,2,63,9,12,11
Dan Hornbuckle,9,0,11,3,4,6
Chris Horodecki,7,4,4,2,10,1
Matt Horwich,6,1,21,5,3,19
Jeff Hougland,1,1,7,3,2,2
Harold Howard,1,3,0,0,0,0
John Howard (fighter),10,4,7,2,11,9
Tom Howard (wrestler),0,1,0,0,0,0
Shane Howell,4,1,7,5,2,4
Roger Huerta,12,5,5,2,5,4
Mark Hughes (fighter),2,0,2,1,2,1
Matt Hughes (fighter),16,5,19,4,10,0
Matt Hume,2,0,3,2,0,3
Mark Hunt,10,5,0,7,3,2
Solomon Hutcherson,5,4,4,2,2,1
Al Iaquinta,7,0,1,3,6,3
Fabiano Iha,3,3,6,0,0,2
Hisao Ikeda,1,2,2,0,7,3
Seichi Ikemoto,8,2,4,6,9,11
Junji Ikoma,1,3,9,2,4,9
Mikhail Ilyukhin,0,2,28,9,2,0
Toby Imada,8,4,20,6,2,7
Masakazu Imanari,1,4,26,0,10,14
Brad Imes,2,3,9,1,2,3
Egan Inoue,3,3,8,0,1,4
Enson Inoue,3,5,9,1,0,2
Naoki Inoue,0,0,7,0,4,2
Takeshi Inoue (mixed martial artist),11,1,4,1,9,10
James Irvin (fighter),12,5,3,4,1,1
Mitsuhiro Ishida,3,4,2,1,15,3
Satoshi Ishii,2,5,10,0,10,4
Yoshimasa Ishikawa,1,2,1,3,1,0
Shintaro Ishiwatari,9,4,2,1,15,2
Takashi Ishizaki,0,0,0,2,1,2
Kendo Kashin,1,4,0,1,0,0
Wallid Ismail,2,1,5,0,2,2
Leandro Issa,2,4,11,2,4,2
Junji Ito (fighter),8,0,1,3,4,2
Takenori Ito,0,0,2,1,4,2
Yuji Ito (fighter),2,2,2,2,1,0
Blagoy Ivanov,6,0,6,1,6,1
Hiroshi Izumi,2,2,0,0,2,0
Yves Jabouin,11,5,1,4,8,2
Damon Jackson,3,2,12,1,1,0
Jeremy Jackson (fighter),6,1,2,4,1,0
Quinton Jackson,19,3,5,2,14,7
Dustin Jacoby,8,1,1,2,1,2
Ryan Janes,2,0,6,1,2,2
Keith Jardine,8,6,2,0,7,5
Antoine Jaoude,4,1,1,0,3,2
Dave Jansen,1,0,10,0,9,4
Bubba Jenkins,6,2,3,2,5,0
Trent Jenkins,0,1,0,3,0,0
Steve Jennum,0,0,2,3,0,0
Ryan Jensen (fighter),8,1,13,7,0,0
Maciej Jewtuszko,6,1,6,0,0,3
Ronald Jhun,12,5,5,14,7,7
Ryan Jimmo,8,2,2,1,9,2
Brett Johns,2,0,5,0,8,2
Anthony Johnson (fighter),16,1,0,5,6,0
DaMarques Johnson,6,5,8,8,2,2
Demetrious Johnson,5,0,12,0,12,3
Jordan Johnson (fighter),1,0,5,0,4,1
Lavar Johnson,16,2,2,7,0,1
Michael Johnson (fighter),8,2,2,8,9,4
Timothy Johnson (fighter),5,3,4,1,3,2
Brian Johnston (fighter),1,1,4,5,0,0
Jon Jones,10,0,6,0,9,0
Marcus Jones (athlete),3,2,1,0,0,0
Nathan Jones (wrestler),0,0,0,1,0,0
Paul Jones (mixed martial artist),0,1,7,0,2,0
Kevin Jordan (fighter),3,4,4,2,4,3
Shawn Jordan,15,5,3,0,1,4
Ivan Jorge,3,5,13,1,11,2
Scott Jorgensen,2,2,5,4,8,6
Krzysztof Jotko,6,2,1,1,14,1
Alan Jouban,11,3,0,1,5,3
Jesse Juarez,6,4,8,7,8,2
Luke Jumeau,5,0,4,2,4,3
Jung Bu-kyung,0,2,0,0,0,2
Chan Sung Jung,5,3,8,0,2,2
Myles Jury,8,1,5,1,4,3
Hideki Kadowaki,0,5,7,4,9,8
Martin Kampmann,8,5,7,0,4,2
Masanori Kanehara,9,4,11,4,7,4
Denis Kang,13,6,16,8,6,2
Hiroyuki Kanno,0,0,3,4,3,0
Kang Kyung-ho,2,1,11,1,3,5
Georgi Karakhanyan,7,3,14,0,7,7
Alex Karalexis,5,3,1,2,4,1
Joop Kasteel,8,8,8,4,1,0
Calvin Kattar,9,0,3,1,8,2
Tetsuji Kato,3,2,8,2,9,6
Kenji Kawaguchi,3,3,10,4,1,0
Tatsuya Kawajiri,12,3,10,4,14,6
Ryo Kawamura,9,5,0,0,7,4
Chris Kelades,2,0,4,1,7,3
Dan Kelly (fighter),3,3,5,0,5,1
Paul Kelly (fighter),7,1,4,2,3,2
Tim Kennedy (fighter),6,3,8,0,4,3
Will Kerr,2,2,4,1,3,0
Ron Keslar,1,5,5,2,5,3
Rustam Khabilov,4,0,5,1,14,3
Mamed Khalidov,13,1,17,3,4,2
Sergei Kharitonov,17,3,10,2,2,1
Magomedrasul Khasbulaev,8,0,15,4,7,4
Akira Kikuchi,5,1,7,0,4,3
Katsunori Kikuno,13,3,3,1,8,4
Sanae Kikuta,4,4,17,2,10,3
Dong Hyun Ma,6,4,6,2,4,4
Kim Jong-man,5,1,14,4,4,6
Kim Min-soo (judoka),1,5,2,2,0,0
Jeremy Kimball,12,2,1,6,3,0
Rob Kimmons,5,3,16,4,4,2
Dustin Kimura,2,0,8,1,1,2
Koichiro Kimura,0,0,1,2,0,0
Kyle Kingsbury,4,2,2,1,5,3
Satoru Kitaoka,0,10,20,0,22,10
Drakkar Klose,4,0,0,0,7,1
Kevin Knabjian,6,3,6,3,0,1
Jason Knight (fighter),3,1,13,0,4,5
Fatih Kocamis,3,3,4,2,1,3
Erik Koch,4,2,8,0,4,4
Junya Kodo,3,0,2,5,5,2
Toru Koga,0,2,0,1,0,0
Brad Kohler,6,6,10,9,0,0
Hiroyuki Kojima,0,2,2,0,2,2
Naoto Kojima,0,1,0,2,1,2
Shinichi Kojima,2,0,7,1,5,5
John Kolosci,3,2,5,5,7,2
Yuki Kondo,19,6,17,9,24,20
Cheick Kongo,14,3,4,1,12,6
Masayuki Kono,2,3,1,2,0,0
Cole Konrad,1,0,3,0,5,0
Andrei Kopylov,0,3,3,3,2,4
Andrey Koreshkov,12,2,3,1,7,1
Tsuyoshi Kosaka,7,9,9,4,9,7
Josh Koscheck,5,4,5,3,7,4
Naoyuki Kotani,6,7,26,2,3,7
James Krause (fighter),7,1,14,2,5,4
Pascal Krauss,2,1,7,0,2,1
Emil Kristev,0,1,0,2,1,0
Nikita Krylov,10,1,15,5,0,1
Misaki Kubota,0,0,0,0,0,2
Alexey Kudin,19,2,0,3,5,6
Michael Kuiper,9,1,5,4,1,1
Anton Kuivanen,7,7,8,3,11,1
Kiichi Kunimoto,2,2,9,2,7,4
Kiuma Kunioku,3,7,13,4,18,14
Masakazu Kuramochi,0,5,0,3,4,4
Kazuhiro Kusayanagi,0,6,9,4,0,7
Takuya Kuwabara,1,0,2,0,5,3
Kwan Ho Kwak,6,1,0,0,3,1
Mike Kyle,17,8,2,5,4,4
Achmed Labasanov,2,1,5,1,1,3
Ryan LaFlare,4,2,3,0,7,1
Tim Lajcik,4,3,2,2,1,1
Ricardo Lamas,6,5,5,0,8,3
Jason Lambert,13,7,9,3,4,3
Aung La Nsang,11,4,12,2,2,4
Chad Laprise,7,3,1,0,5,1
Anthony Lapsley,3,1,16,4,5,2
Lorenz Larkin,11,2,0,0,10,5
Jeremy Larsen,2,3,3,1,3,1
Brock Larson,9,3,27,2,5,5
Bobby Lashley,4,1,8,0,3,1
Ilir Latifi,6,4,4,0,4,3
Jenel Lausa,2,0,2,2,3,3
Dan Lauzon,9,3,7,2,1,1
Joe Lauzon,7,6,18,3,2,6
Robbie Lawler,20,2,1,6,7,6
Tom Lawlor,4,0,4,2,2,4
Justin Lawrence,5,1,1,1,5,3
Eric Lawson,2,1,5,4,2,0
Jani Lax,2,5,6,3,2,0
Chris Leben,12,4,5,2,5,5
Justin Ledet,2,1,5,0,2,1
Vaughan Lee (fighter),4,4,7,6,3,4
Ricky Legere,8,3,9,2,2,2
Thales Leites,4,1,15,1,9,7
Jesse Lennox,8,0,6,2,0,2
Nik Lentz,11,3,8,2,11,5
Anthony Leone,0,1,9,4,7,3
Fábio Leopoldo,1,2,2,1,2,0
Kimo Leopoldo,2,2,8,4,0,1
Justin Levens,7,4,2,2,0,2
Marcus LeVesseur,10,4,7,3,5,0
Derrick Lewis (fighter),18,4,1,1,2,2
Li Jingliang,7,0,5,1,5,4
Jess Liaudin,5,6,12,1,3,4
Zach Light,2,3,4,8,3,0
Chris Liguori,5,2,5,5,5,3
Lim Hyun-gyu,10,2,2,2,2,3
Daniel Lima,1,0,4,0,3,4
Dhiego Lima,4,4,4,1,7,2
Douglas Lima,14,1,12,1,5,5
Rodrigo Lima,3,0,6,2,4,2
Matt Lindland,8,4,7,4,6,1
Jake Lindsey (fighter),3,6,2,11,25,1
John Lineker,14,0,4,3,12,6
Philipe Lins,8,3,4,0,2,0
Dean Lister,0,0,11,0,2,7
Abner Lloveras,8,3,6,1,8,7
John Lober,1,2,3,4,1,3
David Loiseau,15,2,3,2,5,7
Matthew Lopez,4,2,4,1,2,1
Nate Loughran,1,1,8,1,2,0
Ian Loveland,9,1,7,6,2,3
Waylon Lowe,7,2,3,5,6,0
Chris Lozano,8,1,1,1,1,1
Duane Ludwig,12,7,4,6,5,1
Travis Lutter,1,3,7,2,2,1
Chris Lytle,3,2,22,0,6,16
William Macário,6,2,1,2,1,0
Jason MacDonald,3,6,19,5,3,5
Rob MacDonald,2,1,2,2,0,1
Rory MacDonald (fighter),7,3,7,0,7,2
Gustavo Machado,5,4,5,1,13,5
Murad Machaev,5,0,10,1,6,1
Lyoto Machida,11,3,2,2,13,4
War Machine (mixed martial artist),8,0,6,4,0,1
Anthony Macias,3,5,18,12,2,1
Reza Madadi,3,0,8,0,3,6
Jon Madsen,4,1,0,0,4,1
Akira Maeda,0,0,4,3,0,1
Yoshiro Maeda,15,8,7,5,14,4
Leonardo Mafra,9,2,1,2,4,0
Caio Magalhães,3,1,4,1,3,4
Vinicius Magalhães (Draculino),0,1,1,0,1,0
Vinny Magalhães,3,4,15,1,1,6
Neil Magny,7,2,3,4,11,1
Rashid Magomedov,10,0,1,0,12,3
Ruslan Magomedov,4,1,2,0,8,0
Zabit Magomedsharipov,6,0,7,1,4,0
John Maguire (fighter),3,5,16,0,7,8
Demian Maia,3,1,13,0,11,8
Eduardo Maiorino,2,5,0,4,1,0
John Makdessi,9,2,0,1,8,3
Islam Makhachev,3,1,7,0,8,0
Zach Makovsky,1,0,7,3,12,6
Nazareno Malegarie,9,0,18,0,7,5
Fábio Maldonado,14,3,4,2,6,7
Nick Mamalis,9,2,12,7,8,3
Melvin Manhoef,28,5,0,7,3,2
Ronnie Mann,5,1,11,2,8,6
Jimi Manuwa,15,5,1,0,1,1
Cristiano Marcello,2,3,9,0,2,3
Ronny Markes,6,3,6,3,7,1
Nate Marquardt,11,5,16,2,8,12
Carmelo Marrero,3,0,7,2,6,4
John Marsh (fighter),1,1,6,2,1,4
Doug Marshall,12,7,4,1,2,0
Eliot Marshall,1,2,5,0,4,2
Jack Marshman,13,4,5,2,5,3
Terry Martin (fighter),14,9,5,0,4,3
Anthony Rocco Martin,1,0,9,2,6,3
Alonzo Martinez,9,6,22,13,9,2
Danny Martinez,9,0,4,0,8,9
Henry Martinez (fighter),2,1,4,0,3,2
Jesus Martinez (fighter),3,5,2,0,4,1
Poppies Martinez,8,4,18,7,3,0
Rad Martinez,6,1,0,1,9,1
Ryan Martinez,5,4,2,0,3,1
Will Martinez,3,0,5,2,2,1
Adriano Martins,13,3,3,0,12,7
Lucas Martins,12,4,5,0,3,1
Zuluzinho,11,6,1,3,1,0
Bristol Marunde,3,5,6,3,7,2
Mike Massenzio,2,3,6,5,5,1
Jorge Masvidal,15,1,2,2,17,10
Daijiro Matsui,2,7,1,3,9,18
Hiroaki Matsutani,0,0,0,2,2,1
A.J. Matthews,6,5,0,0,3,4
Jake Matthews (fighter),4,1,7,2,4,1
Vladimir Matyushenko,9,4,7,2,11,2
Gray Maynard,2,5,0,0,11,2
Ian McCall (fighter),4,2,3,1,6,4
Charles McCarthy (fighter),0,2,10,2,0,1
Jacob McClintock,4,2,5,0,0,0
Sean McCorkle,6,3,13,3,1,1
Kris McCray,1,0,5,2,3,3
Tamdan McCrory,8,2,5,2,1,1
Justin McCully,1,0,6,4,4,1
Bubba McDaniel,9,2,19,7,2,1
Michael McDonald (MMA fighter),10,2,6,2,3,0
Adam McDonough,6,0,3,0,2,1
Drew McFedries,9,2,2,4,1,1
Liam McGeary,7,2,5,1,1,1
Court McGee,3,1,7,0,9,7
Gan McGee,8,3,4,1,0,1
Conor McGregor,18,0,1,4,2,0
Antonio McKee,4,1,5,2,21,3
Cody McKenzie,1,4,14,4,1,2
Tim McKenzie,8,4,5,5,1,0
Tim Means,19,2,4,4,5,5
Yancy Medeiros,8,4,4,1,3,1
Gerald Meerschaert,6,1,21,8,2,2
Derrick Mehmen,11,2,2,2,6,6
Jordan Mein,16,3,7,4,8,5
Brian Melancon,4,0,1,1,2,2
Gilbert Melendez,12,0,0,1,10,7
Fábio Mello,2,3,5,0,4,5
Chad Mendes,8,4,2,0,8,1
Ivan Menjivar,9,1,10,2,6,8
Dave Menne,5,7,19,1,20,9
Jeremiah Metcalf,3,1,8,4,2,2
Yaotzin Meza,5,3,7,3,9,5
Guy Mezger,11,6,6,3,13,5
David Michaud,9,2,4,1,2,2
Taka Michinoku,0,0,0,1,0,0
Zach Micklewright,11,2,1,0,3,1
Unamed,4,3,2,1,4,2
Pat Miletich,5,3,18,3,6,1
Cole Miller,3,2,15,0,3,9
Dan Miller (fighter),1,1,9,0,4,7
Jason Miller (fighter),6,2,14,2,8,6
Jim Miller (fighter),4,2,17,3,10,8
Micah Miller,6,1,10,0,4,7
Phillip Miller,4,0,7,0,4,0
Che Mills,8,5,5,4,3,1
Adam Milstead,6,2,2,0,0,1
Vitaly Minakov,13,0,7,0,2,1
Ikuhisa Minowa,12,15,42,7,10,20
Stipe Miocic,15,2,0,0,4,1
Frank Mir,5,10,9,0,3,3
Mario Miranda (MMA fighter),6,2,5,0,3,5
Vitor Miranda,9,0,2,1,1,6
Rasul Mirzaev,10,0,4,0,4,1
Kazuo Misaki,6,3,9,2,10,6
Dokonjonosuke Mishima,3,2,8,3,10,2
David Mitchell (fighter),2,3,17,0,3,4
Felix Mitchell (fighter),1,3,1,3,0,1
Matt Mitrione,11,3,0,2,2,2
Eiji Mitsuoka,3,3,11,2,4,4
Hiromitsu Miura,7,6,1,0,4,1
Takeshi Miyanaga,0,0,1,0,1,0
Kazuyuki Miyata,1,1,9,6,6,2
Takeya Mizugaki,5,6,1,2,17,6
Eiji Mizuno,0,0,0,1,1,0
Tatsuya Mizuno,7,6,10,3,3,3
Steve Mocco,1,0,3,0,1,1
Nate Mohr,6,1,2,5,1,1
Ashkan Mokhtarian,6,1,6,1,1,1
Hidetaka Monma,2,6,11,0,5,5
Jeff Monson,3,10,38,4,19,12
Darrell Montague,5,3,5,1,3,1
Augusto Montaño,10,1,5,0,0,2
James Moontasri,4,0,3,1,2,4
Homer Moore,5,3,7,3,14,3
Nate Moore,3,2,4,1,1,1
Marlon Moraes,10,3,6,2,6,1
Sérgio Moraes,1,3,8,0,5,2
John Moraga,3,2,8,1,8,4
Ricardo Morais,3,1,6,0,1,3
Christian Morecraft,3,3,5,0,0,0
Joe Moreira,0,0,1,0,1,2
Brandon Moreno,2,0,10,0,3,5
Sammy Morgan (fighter),4,4,14,6,0,2
Unamed,12,1,4,3,0,1
Robson Moura,0,0,0,0,2,1
Gegard Mousasi,26,1,12,3,8,3
Christian M'Pumbu,9,3,8,2,3,6
Mike Mucitelli,1,2,5,0,1,0
Quinn Mulhern,3,1,11,1,4,2
Pedro Munhoz,4,0,9,0,5,4
Mark Muñoz,6,3,1,2,7,1
Andy Murad,4,2,5,0,6,1
Kazunari Murakami,1,4,3,1,1,0
Vince Murdock,8,3,1,1,2,1
Shinya Murofushi,1,1,6,2,4,1
Lee Murray,4,0,4,1,0,1
Nico Musoke,4,1,5,1,5,3
Ashkan Mokhtarian,6,1,6,1,1,1
Katsuhiko Nagata,1,3,0,2,5,2
Yuji Nagata,0,2,0,0,0,0
Andrews Nakahara,4,1,0,1,1,2
Yuki Nakai,0,0,7,1,1,1
Daisuke Nakamura (fighter),6,3,15,2,7,14
Hiroshi Nakamura (fighter),0,5,2,0,14,2
Kazuhiro Nakamura,5,4,3,3,13,6
Keita Nakamura,7,1,16,1,11,8
Shinsuke Nakamura,0,0,3,1,0,0
Jutaro Nakao,7,3,14,1,5,15
Yoshihiro Nakao,2,1,3,0,3,2
Takumi Nakayama,1,7,7,2,11,7
Tyson Nam,10,3,1,0,7,7
Yui Chul Nam,8,2,1,1,9,5
Yasuhito Namekawa,4,6,16,7,4,3
Yodsanan Sor Nanthachai,3,0,1,1,0,0
Tomasz Narkun,3,1,13,0,1,2
Masayuki Naruse,1,2,7,6,0,3
Roger Narvaez,4,2,2,0,2,0
Unamed,2,3,3,2,0,1
Rafael Natal,4,6,8,0,9,3
Marcio Navarro,4,5,5,3,5,6
Renê Nazare,4,0,4,1,2,2
Dustin Neace,5,3,20,13,0,5
Stanislav Nedkov,6,1,4,1,2,0
Josh Neer,21,3,11,5,4,8
Steve Nelmark,1,1,1,0,0,0
Gunnar Nelson (fighter),4,1,12,0,1,4
Roy Nelson (fighter),14,3,5,0,4,14
Shane Nelson (fighter),4,0,4,1,8,6
Viktor Nemkov,4,1,12,3,12,3
Antônio Braga Neto,1,1,7,0,1,2
Mário Neto,1,1,9,3,2,1
Nick Newell,2,1,11,0,3,1
Carlos Newton,2,3,10,4,4,7
Emanuel Newton,4,2,10,3,12,8
Francis Ngannou,10,0,4,0,0,3
Ben Nguyen,10,6,5,2,3,1
Alex Nicholson (fighter),13,4,1,1,0,3
Matheus Nicolau,4,2,5,0,6,0
Tom Niinimäki,7,1,8,5,7,2
Ramsey Nijem,3,4,2,2,5,1
Hans Nijman,4,1,4,5,0,0
Mats Nilsson,2,1,5,0,4,3
Jack Nilson (fighter),1,1,1,5,0,0
Ning Guangyou,3,0,1,1,1,3
Akiyo Nishiura,5,0,0,0,9,8
Takashi Nishizawa,1,0,0,2,0,0
Anthony Njokuani,9,1,0,4,7,7
Jacob Noe,6,2,5,1,1,0
Alexandre Franca Nogueira,2,4,12,0,4,2
Antônio Rodrigo Nogueira,3,3,21,2,10,5
Luis Nogueira,6,2,5,1,10,5
Kyle Noke,8,1,8,3,6,6
Kimihito Nonaka,0,1,2,3,4,4
K.J. Noons,9,1,0,2,4,6
Sage Northcutt,5,1,3,2,3,0
Jan Nortje,2,2,0,4,0,0
Phillipe Nover,1,1,5,0,5,7
Diego Nunes (fighter),7,2,9,0,7,6
Khabib Nurmagomedov,8,0,10,0,10,0
Jake O'Brien,7,2,3,2,5,0
Sean O'Connell (fighter),12,6,3,2,6,2
Volkan Oezdemir,12,1,1,2,3,1
Naoya Ogawa,2,0,5,2,0,0
Andy Ogle,2,1,3,2,4,3
Carl Malenko,0,0,5,3,1,0
Tomonori Ohara,4,2,0,6,1,3
Dom O'Grady,3,3,6,1,7,4
Kenji Ogusu,0,0,1,0,2,1
Michiyoshi Ohara,0,0,0,0,0,2
Masahiro Oishi,4,7,16,6,4,4
Giant Ochiai,2,1,1,1,0,1
Yushin Okami,11,6,6,1,17,6
Koetsu Okazaki,3,0,1,1,6,3
Mamoru Okochi,1,2,4,3,5,8
Yasunori Okuda,0,2,2,4,0,0
Taisuke Okuno,10,1,0,1,3,10
Aleksei Oleinik,8,7,45,2,4,4
Charles Oliveira,7,4,18,3,2,1
Rafaello Oliveira,4,4,5,2,6,2
Bobby Ologun,0,2,0,0,2,0
Andy Ologun,1,0,0,1,2,0
Brian Olsen,6,1,1,0,1,0
Casey Olson,4,2,4,1,6,1
Sean O'Malley (fighter),6,0,1,0,3,0
Unamed,4,0,10,1,7,8
Chuck O'Neil,6,1,6,3,5,4
Masaya Onodera,1,0,0,1,0,0
Sam Oropeza,7,0,6,2,0,1
Brian Ortega,3,1,7,0,4,0
Dustin Ortiz,8,0,4,1,7,7
Jorge Ortiz (fighter),8,2,5,1,5,6
Tito Ortiz,9,4,5,3,6,5
Kenji Osawa,4,1,2,2,14,8
Shigeki Osawa,8,1,0,0,6,5
Nick Osipczak,2,0,4,0,0,3
Isamu Osugi,0,0,0,5,0,0
John Ott (fighter),2,2,3,2,3,4
Zak Ottow,3,3,10,2,4,2
Alistair Overeem,23,13,17,1,5,3
Valentijn Overeem,12,15,19,18,1,1
Shungo Oyama,4,15,8,3,2,1
Alp Ozkilic,2,2,1,0,6,3
Nick Pace,1,0,5,0,2,3
Joe Pacheco,1,0,4,1,2,1
Damacio Page,11,0,7,8,1,2
Michael Page (fighter),9,1,3,0,3,0
Fredson Paixão,1,1,6,0,4,4
Teemu Packalén,2,2,6,0,0,1
Bart Palaszewski,17,1,11,4,8,12
Soa Palelei,18,2,4,2,0,1
Rousimar Palhares,0,7,16,0,3,3
Luis Palomino,15,5,2,3,9,9
Alexandre Pantoja,7,0,8,0,6,4
Jared Papazian,6,2,2,6,12,5
Norman Paraisy,3,0,5,3,6,3
Remco Pardoel,2,1,6,4,1,1
Ido Pariente,3,4,5,1,3,1
Karo Parisyan,2,7,12,1,10,4
Norman Parke,4,0,12,2,12,4
Mikkel Parlo,7,1,1,0,5,2
Jorge Patino,12,5,14,3,9,11
Alan Patrick (fighter),4,2,2,0,9,0
Claude Patrick,3,0,9,0,2,2
Erik Paulson,1,2,9,1,1,1
Estevan Payan,7,7,3,1,7,5
Joe Pearson (fighter),4,12,41,19,0,0
Tyson Pedro,2,1,5,1,0,1
Willie Peeters,5,2,2,5,2,0
Eric Pele,5,2,4,0,2,3
Kurt Pellegrino,2,1,10,3,4,3
Sherman Pendergarst,2,11,8,2,1,5
B.J. Penn,7,4,6,1,3,9
Godofredo Pepey,4,3,9,0,1,3
Robbie Peralta,13,2,2,4,4,3
Alejandro Pérez (fighter),9,2,5,3,7,3
Alex Perez (fighter),4,1,6,3,12,1
Érik Pérez,5,0,8,2,6,4
Markus Perez,3,0,5,0,3,2
Anthony Perosh,5,7,10,0,0,3
Thiago Perpétuo,7,2,1,2,1,0
Viktor Pešta,5,3,6,1,4,1
Anthony Pettis,11,2,7,1,4,6
Sergio Pettis,3,1,3,1,12,3
Forrest Petz,12,2,5,4,9,4
Nam Phan,8,4,6,3,7,10
Costas Philippou,7,1,1,0,5,4
Adam Piccolotti,2,0,6,1,4,2
Vinc Pichel,8,1,0,1,4,0
Brad Pickett,7,3,10,5,8,6
Oskar Piechota,5,0,5,2,1,0
Mike Pierce,8,0,1,1,8,6
Sean Pierson,6,3,4,1,4,2
Daniel Pineda (fighter),8,2,18,6,0,5
Mike Polchlopek,1,0,0,0,0,1
Igor Pokrajac,14,6,10,3,4,5
Mike Polchlopek,1,0,0,0,0,1
Polo Reyes,6,5,1,2,1,0
Ruan Potts,5,4,6,0,0,2
Wagner Prado,14,2,0,2,1,0
Trevor Prangley,8,5,14,3,12,3
Carlo Prater,3,1,18,4,12,15
Michel Prazeres,1,0,11,0,14,3
Brent Primus,2,0,5,0,2,1
Eric Prindle,6,4,3,3,2,1
Joe Proctor,2,3,5,1,4,1
Bruno Pucci,1,3,6,0,0,0
Daniel Puder,2,0,3,0,3,0
Jens Pulver,14,8,4,9,9,2
Mike Pyle (fighter),7,8,16,4,4,2
Bao Quach,5,4,4,3,10,3
Nate Quarry,7,2,2,1,3,1
Vinicius Queiroz,6,1,2,1,0,2
José Alberto Quiñónez,2,1,1,1,5,1
Benji Radach,17,5,1,0,3,2
Jordan Radev,5,2,5,0,12,3
Amir Rahnavardi,2,5,5,2,4,3
Ricky Rainey,7,4,1,0,5,2
Hector Ramirez (fighter),4,2,2,1,4,3
Luis Ramos (fighter),4,4,4,0,12,6
Ricardo Ramos (fighter),3,1,6,1,4,0
Kevin Randleman,5,4,4,8,8,4
Ed Ratcliff,5,0,1,2,1,1
Gideon Ray,8,3,8,5,1,7
Rafael Rebello,1,0,6,0,2,4
J.P. Reese,3,1,2,6,6,3
Alex Reid (fighter),3,3,5,1,2,6
Chad Reiner,9,11,18,5,6,2
Jason Reinhardt,3,1,17,2,0,0
Wilson Reis,0,4,10,1,13,5
Dominick Reyes,6,0,2,0,3,0
Yahir Reyes,4,3,8,3,2,1
Gastón Reyno,4,0,4,1,0,1
Eric Reynolds (fighter),8,2,8,4,2,3
Johnny Rhodes (fighter),0,0,2,1,0,0
Alexandre Ribeiro,2,0,0,0,0,0
Saulo Ribeiro,0,1,2,0,0,0
Vítor Ribeiro,2,2,12,0,6,3
Will Ribeiro,5,0,2,1,3,1
Mike Ricci (fighter),6,2,1,0,4,3
Matt Ricehouse,2,0,1,0,3,1
Mike Richman,9,1,7,0,2,7
David Rickels,7,4,6,1,8,1
Matt Riddle,1,1,1,0,5,2
Joe Riggs,27,9,15,6,4,3
Aaron Riley,6,7,13,2,11,5
Mike Rio,4,2,5,2,1,1
Dante Rivera,3,1,8,1,5,5
Francisco Rivera (fighter),8,1,0,3,3,3
Jimmie Rivera,4,1,2,0,16,3
Jorge Rivera (fighter),14,5,2,3,4,1
Pedro Rizzo,12,7,4,0,4,4
Karl Roberson,2,0,3,2,3,0
Andre Roberts (mixed martial artist),5,0,8,2,0,0
Daniel Roberts (fighter),0,1,11,1,4,5
Danny Roberts (fighter),7,3,5,2,4,0
Kenny Robertson,7,1,6,0,2,4
Alvin Robinson,0,3,14,6,1,0
Carlos Eduardo Rocha,1,2,8,0,0,2
Vagner Rocha,3,1,8,1,3,2
Luke Rockhold,6,5,8,0,2,0
Alberto Del Rio,2,2,7,1,0,1
Ricco Rodriguez,14,10,28,1,12,15
Yair Rodríguez,4,2,2,0,5,0
Marcos Rogério de Lima,11,1,3,4,2,1
Brett Rogers,14,3,1,2,2,5
Brian Rogers (fighter),10,4,2,0,2,5
Shane Roller,3,3,6,3,2,1
Ricardo Romero (fighter),4,2,6,0,1,0
Yoel Romero,11,1,0,0,2,3
Jesse Ronson,10,1,6,1,4,7
George Roop,4,5,4,4,7,4
João Roque,0,0,5,0,2,2
Aaron Rosa,6,3,4,2,8,1
Charles Rosa,3,1,7,0,1,2
Jake Rosholt,5,2,6,3,1,0
Jared Rosholt,4,5,3,1,11,1
Nick Rossborough,7,2,14,8,5,10
Ben Rothwell,20,4,13,2,3,6
Rick Roufus,2,1,0,3,2,2
Khalil Rountree Jr.,5,2,0,1,3,1
Maurício Rua,21,5,1,3,4,3
Murilo Rua,9,7,9,0,2,6
Marco Ruas,1,3,8,0,0,1
Gabe Ruediger,4,5,13,2,1,1
Anthony Ruiz,17,3,6,12,11,8
Mike Russow,4,2,8,1,3,0
Ed Ruth,6,0,0,1,1,0
Bas Rutten,13,0,12,3,3,1
Amir Sadollah,0,1,2,0,4,4
Frankie Saenz,3,3,2,0,8,2
Saparbek Safarov,6,1,2,1,1,0
Tarec Saffiedine,1,1,5,0,10,6
Tomoyuki Saito,0,0,2,2,0,1
Yukio Sakaguchi,3,3,2,4,1,0
Augusto Sakai,11,0,0,0,3,1
Kazuhiro Sakamoto,0,0,11,3,2,1
Mitsuhiro Sakamoto,0,0,0,0,2,0
Alessio Sakara,14,6,2,3,4,3
Wataru Sakata,3,2,6,4,2,8
Kazushi Sakuraba,4,10,19,3,3,4
Naoki Sakurada,2,1,5,4,5,1
Hayato Sakurai,12,5,10,4,16,4
Justin Salas,4,4,3,3,5,0
Ivan Salaverry,5,4,5,1,4,3
Marcello Salazar,0,1,6,0,2,0
Sean Salmon,5,10,8,11,5,0
John Salter,7,1,9,3,0,0
Josh Samman,7,1,4,2,1,1
Josh Sampo,0,1,6,1,5,4
Andrew Sanchez,5,3,2,0,4,1
Angelo Sanchez,3,1,7,2,2,3
Diego Sanchez,9,4,7,0,13,8
Eddie Sanchez,8,5,3,1,2,2
Joby Sanchez,4,1,4,1,3,2
Roberto Sanchez (fighter),0,0,7,1,1,1
Hector Sandoval,4,2,2,2,9,0
Marlon Sandro,7,2,7,0,12,5
Naoki Sano,0,2,0,2,0,0
Giva Santana,1,1,16,0,1,2
Jorge Santiago,10,6,13,0,2,6
Bruno Santos,1,1,1,0,16,2
Evangelista Santos,12,12,6,2,3,4
Iliarde Santos,14,5,7,0,11,10
Leonardo Santos (fighter),3,1,9,0,4,2
Luís Santos (fighter),37,5,12,3,16,4
Thiago Santos (fighter),15,3,1,2,5,2
Thiago Santos (heavyweight fighter),2,4,5,1,2,0
Daniel Sarafian,1,2,7,1,3,3
Diego Saraiva,3,4,13,0,4,15
Alexander Sarnavskiy,9,2,19,1,7,4
Yuki Sasaki (mixed martial artist),2,5,15,4,8,13
Ulka Sasaki,2,1,12,3,8,2
Paul Sass,0,0,13,1,1,1
Rumina Sato,5,10,18,5,3,2
Takenori Sato,3,7,8,0,8,5
Ben Saunders (fighter),11,8,6,1,5,3
Townsend Saunders,0,0,0,0,0,2
Irshaad Sayed,4,1,3,0,3,2
Lumumba Sayers,1,1,5,4,0,0
Eric Schafer,3,4,9,1,1,3
Kerry Schall,2,6,17,4,1,3
Eric Schambari,1,1,9,2,5,3
Brendan Schaub,7,4,1,0,2,1
Nino Schembri,1,2,3,0,1,3
Fabiano Scherner,5,9,6,2,0,0
Samy Schiavo,4,1,5,5,1,0
Adam Schindler,1,4,6,0,3,2
Bob Schrijber,16,2,4,10,0,4
Ryan Schultz,10,10,6,3,7,1
Justin Scoggins,6,0,1,4,5,2
Brad Scott (fighter),5,1,5,1,1,4
Neil Seery,6,1,6,6,4,5
Yasuto Sekishima,1,0,4,0,2,2
Pete Sell,0,5,4,0,6,2
Andrei Semenov (fighter),9,2,17,1,8,6
Mackens Semerzier,1,0,7,2,0,2
Alex Serdyukov,3,1,4,2,1,2
Matt Serra,2,2,5,0,4,5
Fredy Serrano,2,0,0,0,1,2
Dan Severn,17,4,60,8,24,7
Kamal Shalorus,4,1,1,3,4,1
Shahbulat Shamhalaev,8,0,1,3,3,0
Frank Shamrock,5,4,13,2,5,3
Ken Shamrock,2,11,23,4,3,2
Eric Shelton (fighter),2,0,5,0,5,6
Sean Sherk,8,2,13,0,15,2
Chase Sherman,13,4,0,0,1,2
Jake Shields,3,4,12,1,18,6
Suguru Shigeno,0,1,0,3,2,1
Kiyotaka Shimizu,9,1,4,1,9,13
Yuya Shirai,4,5,6,1,16,8
Wes Shivers,4,1,4,0,0,0
Alexander Shlemenko,32,2,10,4,16,6
Josh Shockley,3,1,5,2,3,1
Akira Shoji,2,8,5,3,7,6
Yuki Shoujou,1,2,3,1,10,5
Sam Sicilia,8,2,4,6,5,2
Kirill Sidelnikov,6,5,1,0,4,1
Steven Siler,6,5,17,5,8,10
Mighty Mo (kickboxer),9,2,3,3,0,1
Assuerio Silva,5,3,8,2,2,3
Cláudio Silva,2,0,9,0,3,0
Erick Silva,4,4,13,0,3,6
Jay Silva,6,4,3,0,3,8
Joaquim Silva (fighter),6,1,3,0,2,1
Giant Silva,0,4,2,2,0,0
Rafael Silva (fighter),8,1,13,1,8,4
Thiago Silva (fighter),15,4,1,1,5,4
Wanderlei Silva,27,7,1,0,7,7
Elias Silvério,4,1,1,1,11,2
Aaron Simpson (fighter),6,3,1,0,5,2
Heath Sims,3,1,1,1,1,2
Wes Sims,10,6,12,5,0,3
Lodune Sincaid,5,6,9,1,1,2
Rory Singer,1,2,7,4,0,3
Elvis Sinosic,4,7,4,0,0,4
Dennis Siver,5,3,9,5,9,3
Chas Skelly,3,1,10,1,5,2
Shanon Slack,2,0,1,0,3,1
Joe Slick,2,2,12,1,1,2
Ray Sloan,0,0,6,0,2,1
Unamed,3,3,14,4,6,1
Anthony Smith (mixed martial artist),17,8,12,4,2,2
Colton Smith,1,2,2,2,4,1
David Smith (fighter),4,0,1,0,0,1
Jordan Smith (fighter),7,2,8,0,3,5
Scott Smith (fighter),15,5,3,4,0,2
Trevor Smith (fighter),1,4,9,1,5,4
Louis Smolka,7,0,7,2,2,4
André Soares (fighter),0,0,4,0,1,2
Peter Sobotta,5,2,10,1,2,3
Renato Sobral,9,7,15,1,13,4
Sokoudjou,13,13,1,2,4,3
Rambaa Somdet,2,0,1,0,10,3
Joe Son,0,1,0,3,0,0
Chael Sonnen,8,7,4,9,19,1
Sean Soriano,5,1,4,4,2,1
Chandet Sor Prantalay,0,0,0,1,0,0
Krzysztof Soszynski,10,6,11,1,3,5
George Sotiropoulos,1,2,8,0,5,4
Greg Soto,2,2,4,1,3,0
Joe Soto,5,4,10,2,3,1
Bobby Southworth,4,3,4,2,2,1
Cristiano Souza,3,1,3,1,1,0
Kevin Souza,14,0,1,4,1,1
Ronaldo Souza,8,3,14,0,4,4
Chris Spång,4,1,1,0,1,2
Ron Sparks (fighter),22,2,1,1,1,0
Tom Speer,9,3,7,3,5,1
Sean Spencer (fighter),2,2,2,3,8,2
Mário Sperry,3,3,7,0,3,1
Eric Spicely,4,2,6,2,2,1
Ben Spijkers,0,0,0,2,0,0
Waachiim Spiritwolf,8,4,1,1,3,8
Daniel Spitz,2,1,3,0,1,1
Daniel Spohn,7,0,5,1,6,5
Jeremy Spoon,1,1,12,1,7,3
Ron Stallings,6,3,6,1,3,3
Brian Stann,9,2,1,2,2,2
Josh Stansbury,1,2,5,2,2,1
Martin Stapleton,6,0,6,4,5,2
Clifford Starks,3,1,4,2,7,2
Kalib Starnes,5,4,10,2,2,5
Akop Stepanyan,13,2,2,6,8,2
Jeremy Stephens,19,2,2,3,7,11
Aljamain Sterling,2,1,7,0,9,2
Joe Stevenson,7,2,15,5,11,9
Trevor Stewardson,5,0,0,1,0,1
Darren Stewart (fighter),7,0,0,2,3,2
Luke Stewart,3,1,3,0,0,2
Alex Stiebling,3,6,11,0,5,5
Tyler Stinson,19,1,7,5,4,4
Ken Stone (fighter),4,3,6,0,1,1
Rick Story,4,2,5,1,12,7
Sam Stout,9,3,1,3,10,6
Ovince Saint Preux,11,2,8,3,5,8
Dave Strasser,5,1,14,5,6,2
Daniel Straus (MMA),7,2,4,5,15,2
Gerald Strebendt,1,2,8,5,0,0
Sean Strickland,9,1,4,0,7,2
Hans Stringer,9,4,8,1,5,3
Stefan Struve,8,7,18,1,2,3
Masanori Suda,1,3,15,5,6,3
Genki Sudo,1,1,12,0,3,3
George Sullivan (fighter),11,1,0,5,6,1
Amar Suloev,12,2,8,3,3,2
Mitsuhisa Sunabe,9,2,6,0,14,5
Masato Suzuki,0,0,2,3,2,2
Minoru Suzuki,3,5,22,9,4,5
Nobutatsu Suzuki,10,1,0,1,1,0
Mike Swick,8,2,3,1,4,3
Tim Sylvia,20,3,4,4,7,3
Noboru Tahara,5,1,1,0,6,6
Joe Taimanglo,5,2,12,2,7,4
Mairbek Taisumov,15,1,9,1,2,4
Jesse Taitano,2,5,2,0,3,4
Nobuhiko Takada,0,1,2,4,0,1
Kazuo Takahashi,9,18,11,7,9,3
Daiju Takase,1,7,5,1,6,6
Hiroyuki Takaya,15,5,0,1,8,8
Yoshihiro Takayama,1,2,0,2,0,0
Yoshiyuki Takayama,0,0,1,1,2,2
Izuru Takeuchi,3,3,3,2,19,6
Makoto Takimoto,0,1,2,1,4,3
Nordine Taleb,7,3,0,2,8,2
Issei Tamura,4,2,0,5,8,3
Kiyoshi Tamura,6,4,16,3,8,4
Jason Tan,1,2,2,0,2,1
Kenichi Tanaka,0,0,6,1,0,3
Michinori Tanaka,0,0,6,0,7,3
Tomohiro Tanaka (mixed martial artist),2,2,0,2,1,0
Evan Tanner,8,6,21,1,3,1
Manny Tapia,4,2,2,0,6,2
Yuzo Tateishi,0,0,0,3,1,1
Uchu Tatsumi,1,0,5,1,4,0
Unamed,0,0,13,0,4,5
Brad Tavares,5,2,2,0,10,3
Thiago Tavares,4,7,13,0,5,3
Jesse Taylor,6,0,16,14,9,1
Louis Taylor,7,1,7,3,4,0
Paul Taylor (fighter),6,0,2,4,3,4
James Te Huna,10,2,3,6,3,0
Glover Teixeira,17,3,8,0,5,4
John Teixeira,5,1,10,0,8,3
Tra Telligman,2,4,4,0,1,1
Sylvester Terkay,1,1,1,0,1,0
Herman Terrado,8,0,6,2,1,3
David Terrell (fighter),2,1,4,0,0,1
James Terry (fighter),10,0,0,4,10,7
Unamed,6,0,0,1,2,1
Brandon Thatch,7,0,4,4,0,1
Elias Theodorou,6,0,1,0,9,3
Paulo Thiago,2,2,10,1,6,7
James Thompson (fighter),11,13,7,3,2,1
Nick Thompson (fighter),10,6,22,7,6,1
Oli Thompson,8,4,6,2,3,4
Stephen Thompson (fighter),7,1,1,0,6,3
Josh Thomson,6,2,10,0,6,7
Din Thomas,7,2,15,2,4,5
Ryan Thomas (fighter),8,0,11,5,1,3
Sander Thonhauser,7,4,2,4,2,0
Simeon Thoresen,1,2,15,0,1,4
Gleison Tibau,4,4,14,2,17,7
Darren Till,10,1,2,1,5,0
Ricardo Tirloni,9,1,9,2,5,4
Zaza Tkeshelashvili,5,2,2,3,3,0
Hideo Tokoro,5,13,20,6,9,11
Kazuki Tokudome,10,5,3,2,6,3
Takashi Tojo,0,0,0,2,0,0
Shawn Tompkins,0,4,0,0,0,0
Miguel Torres (fighter),9,3,25,3,10,3
Justin Torrey,6,1,0,0,1,1
Roberto Traven,0,2,4,1,2,1
Alexander Trevino,2,2,3,0,1,3
Frank Trigg,10,4,6,4,5,1
Francisco Trinaldo,8,0,5,3,10,4
Tor Troéng,6,0,6,2,4,5
Abel Trujillo,5,1,4,4,5,3
Michail Tsarev,9,4,21,3,2,0
Chris Tuchscherer,12,3,4,0,5,1
Jon Tuck,4,0,5,0,1,5
Jumabieke Tuerxun,6,2,4,3,10,4
Tai Tuivasa,8,1,0,1,1,1
Zubaira Tukhugov,6,1,1,1,11,2
Albert Tumenov,13,0,0,2,8,2
Marcin Tybura,7,4,6,0,4,2
Masakatsu Ueda,2,0,6,2,18,3
Kyuhei Ueno,3,0,5,3,2,2
Ryuki Ueyama,2,4,5,2,5,11
Christian Uflacker,0,0,2,0,3,0
Gasan Umalatov,4,0,7,1,7,4
Caol Uno,2,7,18,3,13,9
Yasuhiro Urushitani,4,1,1,3,16,4
Hayate Usui,0,2,1,1,9,5
Darren Uyenoyama,2,2,4,1,4,3
Unamed,17,3,7,5,5,4
Charlie Valencia,1,3,5,3,6,1
Isaac Vallie-Flagg,5,0,5,3,6,3
Mike van Arsdale,1,1,6,4,1,0
Matt Van Buren,2,4,2,1,3,1
Ron van Clief,0,0,0,1,0,0
Carey Vanier,5,3,4,3,2,0
Paul Varelans,3,7,5,1,1,1
Jamie Varner,7,2,11,5,3,4
Vyacheslav Vasilevsky,13,2,10,2,10,3
Linton Vassell,6,4,8,1,4,3
Javier Vazquez (fighter),0,0,11,0,5,5
Matt Veach,5,0,8,5,4,0
Joe Vedepo,7,5,8,3,2,2
Attila Végh,10,3,12,1,10,5
Cain Velasquez,12,2,0,1,2,0
Unamed,4,1,8,0,3,9
Karlos Vemola,8,0,13,3,6,2
Brandon Vera,11,4,1,0,4,3
Marlon Vera (fighter),4,0,8,0,2,5
Renato Verissimo,6,4,0,0,1,1
Marvin Vettori,2,0,8,0,3,4
Hugo Viana (fighter),1,2,0,0,7,2
Vitor Vianna,5,2,4,0,3,1
James Vick,3,3,5,0,5,1
David Vieira (fighter),0,0,4,0,0,0
Milton Vieira,0,0,9,0,4,8
Steve Vigneault,8,4,2,2,2,0
Alexis Vila,7,1,3,1,5,5
Gian Villante,10,5,2,0,5,6
Joey Villaseñor,13,5,10,1,6,4
Danillo Villefort,6,3,5,0,4,2
Yuri Villefort,4,0,4,2,3,4
Marcos Vinicius (fighter),9,7,15,1,0,3
Brandon Visher,6,1,4,0,3,1
Falaniko Vitale,10,4,16,3,4,3
Bobby Voelker,21,3,4,1,6,9
Alexander Volkanovski,11,1,3,0,6,0
Jacob Volkmann,1,0,8,5,10,2
Alexander Volkov (fighter),20,2,3,2,7,3
Jason Von Flue,1,7,13,4,0,1
Igor Vovchanchyn,41,1,10,6,8,3
Dick Vrij,5,2,2,2,0,0
Chris Wade (fighter),0,0,5,0,11,5
Abe Wagner,7,3,3,4,1,1
TJ Waldburger,1,7,13,0,2,2
Donny Walker,4,3,8,5,3,2
Crafton Wallace,8,2,9,3,1,1
Rodney Wallace (fighter),6,6,3,1,17,9
Jim Wallhead,11,2,10,4,10,5
Cory Walmsley,1,0,6,1,1,1
Richard Walsh (fighter),4,1,1,1,4,2
Erik Wanderley,1,2,2,0,0,1
Curt Warburton,5,1,4,3,5,2
Brennan Ward,9,2,4,4,1,0
Yasushi Warita,1,0,0,4,0,0
Brian Warren,6,5,7,8,5,4
Yuichi Watanabe,0,1,5,1,1,0
Ron Waterman,6,4,8,1,2,1
Tom Watson (fighter),8,0,1,2,8,7
Walel Watson,3,3,11,6,0,3
Royston Wee,0,1,2,0,2,0
Brent Weedman,10,1,9,1,3,7
Daniel Weichel,5,5,22,3,13,3
Allan Weickert,2,3,3,4,1,2
Mark Weir,10,10,10,7,1,1
Christian Wellisch,4,3,3,1,1,1
Fabrício Werdum,6,3,11,0,6,5
Cassio Werneck,0,0,2,0,0,0
Mike Wessel,8,7,1,1,6,0
Ed West (fighter),1,3,11,1,8,6
Sheldon Westcott,3,1,5,0,1,2
Coty Wheeler,3,2,11,1,1,2
Alex White (fighter),5,1,5,1,3,3
Jay White (mixed martial artist),2,5,2,2,0,0
Mike Whitehead,6,4,14,0,6,3
Robert Whittaker (fighter),9,2,5,1,6,2
Justin Wilcox (martial arts),2,4,2,2,10,1
Rob Wilkinson,4,2,6,0,1,0
Mike Wilkinson (fighter),3,1,4,1,2,2
James Wilks,2,1,4,1,1,2
Joe Williams (fighter),4,0,3,1,2,1
Patrick Williams (fighter),4,3,3,1,1,2
Pete Williams (fighter),6,2,4,1,2,3
Steve Williams (wrestler),0,1,0,0,0,0
Tedd Williams,1,0,4,0,2,1
Justin Willis (martial artist),4,1,0,0,4,1
Chris Wilson (fighter),7,1,8,2,3,7
Jonathan Wilson (fighter),6,1,0,0,1,2
Matt Wiman,4,3,5,0,7,5
Eddie Wineland,15,3,4,4,4,6
Andre Winner,4,0,4,3,14,10
Shannon Wiratchai,5,1,2,1,2,3
Eric Wisely,10,0,5,1,10,8
Keith Wisniewski,6,3,15,4,7,8
Travis Wiuff,24,15,25,4,27,3
Brandon Wolff,3,2,0,3,4,1
Lloyd Woodard,5,4,7,0,2,3
Tyron Woodley,7,1,5,0,7,3
Unamed,0,1,0,0,0,0
Eddie Yagin,5,3,5,1,6,3
Rani Yahya,0,2,20,1,6,7
Alexander Yakovlev (fighter),9,0,9,4,6,4
Manabu Yamada,3,4,19,8,1,3
Mikihito Yamagami,3,0,2,1,5,3
Mamoru Yamaguchi,11,1,4,4,16,8
Keiichiro Yamamiya,11,9,3,8,31,18
Kenichi Yamamoto (mixed martial artist),2,7,2,3,1,2
Norifumi Yamamoto,13,1,2,1,3,4
Yoshihisa Yamamoto (wrestler),6,11,7,11,1,3
Goiti Yamauchi,1,0,19,0,4,4
Unamed,4,5,15,5,5,15
Yang Dongi,12,0,1,0,0,3
Yao Zhikui,0,1,1,0,1,3
Emmanuel Yarbrough,0,1,1,1,0,0
Cale Yarbrough,5,1,2,1,1,1
Yoshiaki Yatsu,0,2,0,0,0,0
Melvin Yeoh,3,2,3,0,1,1
Hirotaka Yokoi,2,4,5,1,4,0
Kazunori Yokota,4,2,5,1,16,3
Tetsuo Yokoyama,0,0,1,2,0,0
Yoon Dong-sik,0,6,5,0,4,4
Jim York (fighter),6,2,9,2,1,1
Hidehiko Yoshida,0,2,8,1,1,5
Yoshiyuki Yoshida,8,3,6,0,3,6
Jason Young (fighter),3,1,1,3,5,2
Savant Young,3,1,5,5,3,3
Gilbert Yvel,33,4,7,3,0,6
Marius Žaromskis,15,5,1,0,5,4
Shamil Zavurov,11,1,5,2,20,2
Mikhail Zayats,4,3,12,2,8,3
João Zeferino,4,4,16,0,4,5
Roman Zentsov,11,5,4,6,3,1
Zhang Lipeng,9,1,11,5,7,5
Zhang Tiequan,3,1,12,0,0,3
Unamed,8,4,2,1,1,1
Nikolai Zouev,0,0,0,2,0,0
